<?xml version="1.0" encoding="UTF-8"?>
<jcr:root xmlns:sling="http://sling.apache.org/jcr/sling/1.0" xmlns:cq="http://www.day.com/jcr/cq/1.0" xmlns:jcr="http://www.jcp.org/jcr/1.0" xmlns:nt="http://www.jcp.org/jcr/nt/1.0"
    jcr:primaryType="cq:Page">
    <wcm jcr:primaryType="nt:unstructured">
        <foundation jcr:primaryType="nt:unstructured">
            <components jcr:primaryType="nt:unstructured">
                <page jcr:primaryType="nt:unstructured">
                    <jcr:content
                        jcr:primaryType="nt:unstructured"
                        mergeList="{Boolean}true"/>
                    <default
                        jcr:description="Policy of the default page"
                        jcr:primaryType="nt:unstructured"
                        jcr:title="Default Page"
                        sling:resourceType="wcm/core/components/policy/policy"
                        clientlibs="[wcm.foundation.components.page.responsive]">
                        <jcr:content
                            jcr:primaryType="nt:unstructured"
                            mergeList="{Boolean}true"/>
                    </default>
                </page>
                <responsivegrid jcr:primaryType="nt:unstructured">
                    <policy_446840566120829
                        jcr:lastModified="{Date}2019-10-18T17:17:02.639-04:00"
                        jcr:lastModifiedBy="admin"
                        jcr:primaryType="nt:unstructured"
                        jcr:title="We.Train Structure Policy"
                        sling:resourceType="wcm/core/components/policy/policy"
                        components="[/libs/dam/cfm/components/contentfragment,/libs/cq/experience-fragments/editor/components/experiencefragment,/libs/wcm/foundation/components/responsivegrid,group:We.Train.Structure]">
                        <jcr:content jcr:primaryType="nt:unstructured"/>
                    </policy_446840566120829>
                    <policy_447464571181433
                        jcr:lastModified="{Date}2019-10-17T20:06:55.321-04:00"
                        jcr:lastModifiedBy="admin"
                        jcr:primaryType="nt:unstructured"
                        jcr:title="We.Train Content Policy"
                        sling:resourceType="wcm/core/components/policy/policy"
                        components="[/libs/dam/cfm/components/contentfragment,/libs/cq/experience-fragments/editor/components/experiencefragment,/libs/wcm/foundation/components/responsivegrid,group:We.Train]">
                        <jcr:content jcr:primaryType="nt:unstructured"/>
                    </policy_447464571181433>
                </responsivegrid>
            </components>
        </foundation>
    </wcm>
    <training jcr:primaryType="nt:unstructured">
        <components jcr:primaryType="nt:unstructured">
            <structure jcr:primaryType="nt:unstructured">
                <page jcr:primaryType="nt:unstructured">
                    <policy_1571336986642
                        jcr:lastModified="{Date}2019-10-17T14:30:19.406-04:00"
                        jcr:lastModifiedBy="admin"
                        jcr:primaryType="nt:unstructured"
                        jcr:title="Custom Clientlibs"
                        sling:resourceType="wcm/core/components/policy/policy"
                        clientlibs="[wcm.foundation.components.page.responsive,we.train.custom.lib]">
                        <jcr:content jcr:primaryType="nt:unstructured"/>
                    </policy_1571336986642>
                </page>
                <languagenavigation jcr:primaryType="nt:unstructured">
                    <policy_1571433615463
                        jcr:lastModified="{Date}2019-10-18T17:20:59.537-04:00"
                        jcr:lastModifiedBy="admin"
                        jcr:primaryType="nt:unstructured"
                        jcr:title="We.Train LangNav Content Policy"
                        sling:resourceType="wcm/core/components/policy/policy"
                        navigationRoot="/content/we-train"
                        structureDepth="1">
                        <jcr:content jcr:primaryType="nt:unstructured"/>
                    </policy_1571433615463>
                </languagenavigation>
                <search jcr:primaryType="nt:unstructured">
                    <policy_1571433682387
                        jcr:lastModified="{Date}2019-10-18T17:21:54.744-04:00"
                        jcr:lastModifiedBy="admin"
                        jcr:primaryType="nt:unstructured"
                        jcr:title="We.Train Search Content Policy"
                        sling:resourceType="wcm/core/components/policy/policy"
                        resultsSize="10"
                        searchRoot="/content/we-train"
                        searchTermMinimumLength="3">
                        <jcr:content jcr:primaryType="nt:unstructured"/>
                    </policy_1571433682387>
                </search>
                <footer jcr:primaryType="nt:unstructured">
                    <policy_1572559426409
                        jcr:lastModified="{Date}2019-10-31T18:04:49.035-04:00"
                        jcr:lastModifiedBy="admin"
                        jcr:primaryType="nt:unstructured"
                        jcr:title="We.Train Footer Policy"
                        sling:resourceType="wcm/core/components/policy/policy"
                        pages="/content/we-retail/us/en/experience">
                        <jcr:content jcr:primaryType="nt:unstructured"/>
                    </policy_1572559426409>
                </footer>
            </structure>
            <content jcr:primaryType="nt:unstructured">
                <image jcr:primaryType="nt:unstructured">
                    <policy_1571357786721
                        jcr:lastModified="{Date}2019-10-17T20:18:28.987-04:00"
                        jcr:lastModifiedBy="admin"
                        jcr:primaryType="nt:unstructured"
                        jcr:title="We.Train Image Content Policy"
                        sling:resourceType="wcm/core/components/policy/policy"
                        allowedRenditionWidths="1024"
                        allowUpload="false"
                        altValueFromDAM="true"
                        disableLazyLoading="true"
                        displayPopupTitle="true"
                        isDecorative="false"
                        jpegQuality="{Long}100"
                        titleValueFromDAM="true"
                        uuidDisabled="true">
                        <jcr:content jcr:primaryType="nt:unstructured"/>
                        <plugins jcr:primaryType="nt:unstructured">
                            <crop
                                jcr:primaryType="nt:unstructured"
                                features="*">
                                <aspectRatios jcr:primaryType="nt:unstructured">
                                    <item0
                                        jcr:primaryType="nt:unstructured"
                                        name="Wide Landscape"
                                        ratio="0.6180"/>
                                    <item1
                                        jcr:primaryType="nt:unstructured"
                                        name="Landscape"
                                        ratio="0.8284"/>
                                    <item2
                                        jcr:primaryType="nt:unstructured"
                                        name="Square"
                                        ratio="1"/>
                                    <item3
                                        jcr:primaryType="nt:unstructured"
                                        name="Portrait"
                                        ratio="1.6180"/>
                                </aspectRatios>
                            </crop>
                            <rotate
                                jcr:primaryType="nt:unstructured"
                                features="right"/>
                            <flip
                                jcr:primaryType="nt:unstructured"
                                features="-"/>
                        </plugins>
                    </policy_1571357786721>
                </image>
                <stockplex jcr:primaryType="nt:unstructured">
                    <policy_1572893397836
                        jcr:lastModified="{Date}2019-11-04T13:56:16.028-05:00"
                        jcr:lastModifiedBy="admin"
                        jcr:primaryType="nt:unstructured"
                        jcr:title="Stockplex Style System Policy"
                        sling:resourceType="wcm/core/components/policy/policy">
                        <jcr:content jcr:primaryType="nt:unstructured"/>
                        <cq:styleGroups jcr:primaryType="nt:unstructured">
                            <item0
                                cq:styleGroupLabel="Font Types"
                                cq:styleGroupMultiple="true"
                                jcr:primaryType="nt:unstructured">
                                <cq:styles jcr:primaryType="nt:unstructured">
                                    <item0
                                        cq:styleClasses="cmp-stockplex--italic"
                                        cq:styleId="1572893675676"
                                        cq:styleLabel="Italic"
                                        jcr:primaryType="nt:unstructured"/>
                                    <item1
                                        cq:styleClasses="cmp-stockplex--bold"
                                        cq:styleId="1572893707559"
                                        cq:styleLabel="Bold"
                                        jcr:primaryType="nt:unstructured"/>
                                    <item2
                                        cq:styleClasses="cmp-stockplex--red"
                                        cq:styleId="1572893723128"
                                        cq:styleLabel="Red"
                                        jcr:primaryType="nt:unstructured"/>
                                </cq:styles>
                            </item0>
                        </cq:styleGroups>
                    </policy_1572893397836>
                </stockplex>
            </content>
        </components>
    </training>
</jcr:root>
