/content/trainingproject/en/products,Products,/conf/trainingproject/settings/wcm/templates/content-page,/content/cq:tags/we-retail/apparel,TRUE
/content/trainingproject/en/products/women,Women,/conf/trainingproject/settings/wcm/templates/content-page,/content/cq:tags/we-retail/gender/women,TRUE
/content/trainingproject/en/products/women/coats,Coats,/conf/templates/coats,/content/cq:tags/we-retail/apparel/coat,TRUE
/content/trainingproject/en/products/women/coats/raincoat,Rain Coats,/conf/templates/coats,/content/cq:tags/we-retail/apparel/coat,
/content/trainingproject/en/products/women/coats/insulated,Insulated Coats,/conf/templates/coats,/content/cq:tags/we-retail/apparel/coat,
/content/trainingproject/en/products/women/shirts,Shirts,,/content/cq:tags/we-retail/apparel/shirt,TRUE
,T-shirts,,/content/cq:tags/we-retail/apparel/shirt,
,Polo Shirts,,/content/cq:tags/we-retail/apparel/shirt,
/content/trainingproject/en/products/women/pants,Pants,,/content/cq:tags/we-retail/apparel/jeans,TRU
/content/trainingproject/en/products/women/pants/jeans,,,/content/cq:tags/we-retail/apparel/jeans,
/content/trainingproject/en/products/women/pants/stretchypants,Stretchy Pants,,/content/cq:tags/we-retail/apparel/jeans,
/content/trainingproject/en/products/women/shorts/khakis,Khaki Shorts,,/content/cq:tags/we-retail/apparel/shorts,
/content/trainingproject/en/products/women/shorts/jeans,Jean Shorts,,/content/cq:tags/we-retail/apparel/shorts,