/content/trainingproject/en/products,Products,/conf/trainingproject/settings/wcm/templates/content-page,/content/cq:tags/we-retail/apparel,TRUE
/content/trainingproject/en/products/women,Women,,/content/cq:tags/we-retail/gender/women,TRUE
/content/trainingproject/en/products/women/coats,Coats,,/content/cq:tags/we-retail/apparel/coat,TRUE
/content/trainingproject/en/products/women/coats/raincoat,Rain Coats,,/content/cq:tags/we-retail/apparel/coat,
/content/trainingproject/en/products/women/coats/insulated,Insulated Coats,,/content/cq:tags/we-retail/apparel/coat,
/content/trainingproject/en/products/women/shirts,Shirts,,/content/cq:tags/we-retail/apparel/shirt,TRUE
/content/trainingproject/en/products/women/shirts/tshirt,T-shirts,,/content/cq:tags/we-retail/apparel/shirt,
/content/trainingproject/en/products/women/shirts/polo,Polo Shirts,,/content/cq:tags/we-retail/apparel/shirt,
/content/trainingproject/en/products/women/pants,Pants,,/content/cq:tags/we-retail/apparel/pants,TRUE
/content/trainingproject/en/products/women/pants/jeans,Jeans,,/content/cq:tags/we-retail/apparel/pants,
/content/trainingproject/en/products/women/pants/stretchypants,Stretchy Pants,,/content/cq:tags/we-retail/apparel/pants,
/content/trainingproject/en/products/women/shorts,Shorts,,/content/cq:tags/we-retail/apparel/shorts,TRUE
/content/trainingproject/en/products/women/shorts/khakis,Khaki Shorts,,/content/cq:tags/we-retail/apparel/shorts,
/content/trainingproject/en/products/women/shorts/jeans,Jean Shorts,,/content/cq:tags/we-retail/apparel/shorts,
/content/trainingproject/en/products/men,Men,,/content/cq:tags/we-retail/gender/men,TRUE
/content/trainingproject/en/products/men/coats,Coats,,/content/cq:tags/we-retail/apparel/coat,TRUE
/content/trainingproject/en/products/men/coats/raincoat,Rain Coats,,/content/cq:tags/we-retail/apparel/coat,
/content/trainingproject/en/products/men/coats/insulated,Insulated Coats,,/content/cq:tags/we-retail/apparel/coat,
/content/trainingproject/en/products/men/shirts,Shirts,,/content/cq:tags/we-retail/apparel/shirt,TRUE
/content/trainingproject/en/products/men/shirts/tshirt,T-shirts,,/content/cq:tags/we-retail/apparel/shirt,
/content/trainingproject/en/products/men/shirts/polo,Polo Shirts,,/content/cq:tags/we-retail/apparel/shirt,
/content/trainingproject/en/products/men/pants,Pants,,/content/cq:tags/we-retail/apparel/pants,TRUE
/content/trainingproject/en/products/men/pants/jeans,Jeans,,/content/cq:tags/we-retail/apparel/pants,
/content/trainingproject/en/products/men/pants/stretchypants,Stretchy Pants,,/content/cq:tags/we-retail/apparel/pants,
/content/trainingproject/en/products/men/shorts,Shorts,,/content/cq:tags/we-retail/apparel/shorts,TRUE
/content/trainingproject/en/products/men/shorts/khakis,Khaki Shorts,,/content/cq:tags/we-retail/apparel/shorts,
/content/trainingproject/en/products/men/shorts/jeans,Jean Shorts,,/content/cq:tags/we-retail/apparel/shorts,