<?xml version="1.0" encoding="UTF-8"?>
<jcr:root xmlns:sling="http://sling.apache.org/jcr/sling/1.0" xmlns:cq="http://www.day.com/jcr/cq/1.0" xmlns:jcr="http://www.jcp.org/jcr/1.0" xmlns:nt="http://www.jcp.org/jcr/nt/1.0"
    jcr:primaryType="cq:Page">
    <wcm jcr:primaryType="nt:unstructured">
        <foundation jcr:primaryType="nt:unstructured">
            <components jcr:primaryType="nt:unstructured">
                <page jcr:primaryType="nt:unstructured">
                    <jcr:content
                        jcr:primaryType="nt:unstructured"
                        mergeList="{Boolean}true"/>
                    <default
                        jcr:description="Policy of the default page"
                        jcr:primaryType="nt:unstructured"
                        jcr:title="Default Page"
                        sling:resourceType="wcm/core/components/policy/policy"
                        clientlibs="[wcm.foundation.components.page.responsive]">
                        <jcr:content
                            jcr:primaryType="nt:unstructured"
                            mergeList="{Boolean}true"/>
                    </default>
                </page>
                <responsivegrid jcr:primaryType="nt:unstructured">
                    <policy_446840566120829
                        jcr:lastModified="{Date}2019-10-16T15:28:41.094-04:00"
                        jcr:lastModifiedBy="admin"
                        jcr:primaryType="nt:unstructured"
                        jcr:title="We.Train Structure Policy"
                        sling:resourceType="wcm/core/components/policy/policy"
                        components="[/libs/dam/cfm/components/contentfragment,/libs/cq/experience-fragments/editor/components/experiencefragment,/libs/wcm/foundation/components/responsivegrid]">
                        <jcr:content jcr:primaryType="nt:unstructured"/>
                    </policy_446840566120829>
                    <policy_447464571181433
                        jcr:lastModified="{Date}2019-10-17T20:06:55.321-04:00"
                        jcr:lastModifiedBy="admin"
                        jcr:primaryType="nt:unstructured"
                        jcr:title="We.Train Content Policy"
                        sling:resourceType="wcm/core/components/policy/policy"
                        components="[/libs/dam/cfm/components/contentfragment,/libs/cq/experience-fragments/editor/components/experiencefragment,/libs/wcm/foundation/components/responsivegrid,group:We.Train]">
                        <jcr:content jcr:primaryType="nt:unstructured"/>
                    </policy_447464571181433>
                </responsivegrid>
            </components>
        </foundation>
    </wcm>
    <training jcr:primaryType="nt:unstructured">
        <components jcr:primaryType="nt:unstructured">
            <structure jcr:primaryType="nt:unstructured">
                <page jcr:primaryType="nt:unstructured">
                    <policy_1571336986642
                        jcr:lastModified="{Date}2019-10-17T14:30:19.406-04:00"
                        jcr:lastModifiedBy="admin"
                        jcr:primaryType="nt:unstructured"
                        jcr:title="Custom Clientlibs"
                        sling:resourceType="wcm/core/components/policy/policy"
                        clientlibs="[wcm.foundation.components.page.responsive,we.train.custom.lib]">
                        <jcr:content jcr:primaryType="nt:unstructured"/>
                    </policy_1571336986642>
                </page>
            </structure>
        </components>
    </training>
</jcr:root>
