<?xml version="1.0" encoding="UTF-8"?>
<jcr:root xmlns:sling="http://sling.apache.org/jcr/sling/1.0" xmlns:granite="http://www.adobe.com/jcr/granite/1.0" xmlns:cq="http://www.day.com/jcr/cq/1.0" xmlns:jcr="http://www.jcp.org/jcr/1.0" xmlns:nt="http://www.jcp.org/jcr/nt/1.0"
    jcr:primaryType="nt:unstructured"
    jcr:title="Footer Policy"
    sling:resourceType="cq/gui/components/authoring/dialog">
    <content
        granite:class="cmp-list__editor"
        jcr:primaryType="nt:unstructured"
        sling:resourceType="granite/ui/components/coral/foundation/container">
        <items jcr:primaryType="nt:unstructured">
            <setStatic
                jcr:primaryType="nt:unstructured"
                sling:resourceType="granite/ui/components/coral/foundation/container">
                <granite:data
                    jcr:primaryType="nt:unstructured"
                    showhidetargetvalue="static"/>
                <items jcr:primaryType="nt:unstructured">
                    <heading
                        granite:class="coral-Heading coral-Heading--4"
                        jcr:primaryType="nt:unstructured"
                        sling:resourceType="granite/ui/components/coral/foundation/heading"
                        level="{Long}4"
                        text="Options for Fixed List"/>
                    <well
                        jcr:primaryType="nt:unstructured"
                        sling:resourceType="granite/ui/components/coral/foundation/well">
                        <items jcr:primaryType="nt:unstructured">
                            <pages
                                granite:class="foundation-layout-util-maximized-alt coral-Form-fieldwrapper"
                                jcr:primaryType="nt:unstructured"
                                sling:resourceType="granite/ui/components/coral/foundation/container">
                                <items jcr:primaryType="nt:unstructured">
                                    <multi
                                        granite:class=""
                                        jcr:primaryType="nt:unstructured"
                                        sling:resourceType="granite/ui/components/coral/foundation/form/multifield">
                                        <field
                                            jcr:primaryType="nt:unstructured"
                                            sling:resourceType="granite/ui/components/coral/foundation/form/pathfield"
                                            name="./pages"
                                            rootPath="/content"/>
                                    </multi>
                                </items>
                            </pages>
                        </items>
                    </well>
                </items>
            </setStatic>
        </items>
    </content>
</jcr:root>
